aaron,m,aaron
aron,m,aaron
abe,m,abe
abel,m,abe
abraham,m,abe
abram,m,abe
adam,m,adam
adrian,m,adrian
adriana,f,adriana
adriane,f,adriana
adrianna,f,adriana
adrianne,f,adriana
adrien,f,adriana
adriene,f,adriana
adrienne,f,adriana
ahmad,m,ahmed
ahmed,m,ahmed
amed,m,ahmed
al,m,al
alan,m,al
albert,m,al
alberto,m,al
alec,m,al
alejandro,m,al
alen,m,al
alex,m,al
alexander,m,al
ali,m,al
allan,m,al
allen,m,al
alok,m,al
alvin,m,al
bert,m,al
alberta,f,alberta
albertha,f,alberta
albertina,f,alberta
alexa,f,alex
alexandra,f,alex
alexandria,f,alex
alexia,f,alex
alexis,f,alex
alix,f,alex
alfonso,m,alfonso
alfonzo,m,alfonso
alphonse,m,alfonso
alphonso,m,alfonso
alphonzo,m,alfonso
alease,f,alice
alecia,f,alice
alesha,f,alice
aleshia,f,alice
alesia,f,alice
alica,f,alice
alice,f,alice
alicia,f,alice
alisa,f,alice
alise,f,alice
alisha,f,alice
alishia,f,alice
alisia,f,alice
alison,f,alice
alissa,f,alice
aliya,f,alice
allie,f,alice
allisa,f,alice
allison,f,alice
allissa,f,alice
allyson,f,alice
alyce,f,alice
alycia,f,alice
alysa,f,alice
alyse,f,alice
alysha,f,alice
alysia,f,alice
alyson,f,alice
alyssa,f,alice
elisa,f,alice
amanda,f,amanda
mandi,f,amanda
mandy,f,amanda
amber,f,amber
aimee,f,amy
amey,f,amy
ami,f,amy
amie,f,amy
amiee,f,amy
ammie,f,amy
amy,f,amy
andera,f,andrea
andi,f,andrea
andra,f,andrea
andrea,f,andrea
andree,f,andrea
andria,f,andrea
andre,m,andrew
andrew,m,andrew
andy,m,andrew
drew,m,andrew
angel,m,angel
angelo,m,angel
ange,f,angela
angel,f,angela
angela,f,angela
angele,f,angela
angelena,f,angela
angeles,f,angela
angelia,f,angela
angelic,f,angela
angelica,f,angela
angelika,f,angela
angelina,f,angela
angeline,f,angela
angelique,f,angela
angelita,f,angela
angella,f,angela
angelyn,f,angela
angie,f,angela
angila,f,angela
angla,f,angela
angle,f,angela
anglea,f,angela
angy,f,angela
ana,f,ann
anette,f,ann
anita,f,ann
ann,f,ann
anna,f,ann
annabel,f,ann
annabell,f,ann
annabelle,f,ann
annalee,f,ann
annalisa,f,ann
annamaria,f,ann
annamarie,f,ann
anne,f,ann
anneka,f,ann
anneliese,f,ann
annelle,f,ann
annemarie,f,ann
anne-marie,f,ann
annett,f,ann
annetta,f,ann
annette,f,ann
annice,f,ann
annie,f,ann
annika,f,ann
annis,f,ann
annita,f,ann
annmarie,f,ann
antionette,f,ann
antoinette,f,ann
antonia,f,ann
hannah,f,ann
nana,f,ann
toni,f,ann
april,f,april
avril,f,april
arne,m,arnold
arnell,m,arnold
arnie,m,arnold
arnold,m,arnold
arnoldo,m,arnold
art,m,arthur
arthur,m,arthur
artie,m,arthur
arty,m,arthur
ashely,f,ashley
ashlee,f,ashley
ashleigh,f,ashley
ashley,f,ashley
ashly,f,ashley
ashlyn,f,ashley
ashton,f,ashley
aud,f,audrey
audi,f,audrey
audie,f,audrey
audra,f,audrey
audrea,f,audrey
audreen,f,audrey
audrena,f,audrey
audrey,f,audrey
audria,f,audrey
audrie,f,audrey
audry,f,audrey
bab,f,barbara
babara,f,barbara
babette,f,barbara
babs,f,barbara
bar,f,barbara
barabara,f,barbara
barb,f,barbara
barbar,f,barbara
barbara,f,barbara
barbera,f,barbara
barbie,f,barbara
barbra,f,barbara
biddy,f,barbara
barry,m,barry
berry,m,barry
ben,m,ben
benard,m,ben
bene,m,ben
benedict,m,ben
benedikt,m,ben
benicio,m,ben
benito,m,ben
benjamin,m,ben
benji,m,ben
benjy,m,ben
bennett,m,ben
bennie,m,ben
benny,m,ben
benson,m,ben
bentley,m,ben
benton,m,ben
bern,m,bern
bernard,m,bern
bernie,m,bern
berny,m,bern
bev,f,beverly
beverley,f,beverly
beverly,f,beverly
bonita,f,bonnie
bonnie,f,bonnie
bonny,f,bonnie
brad,m,bradley
bradford,m,bradley
bradley,m,bradley
bradly,m,bradley
branden,m,brandon
brandon,m,brandon
brendan,m,brandon
brendon,m,brandon
brenton,m,brandon
brandi,f,brandy
brandie,f,brandy
brandy,f,brandy
bren,f,brenda
brenda,f,brenda
brent,m,brett
bret,m,brett
brett,m,brett
brain,m,brian
brian,m,brian
bryan,m,brian
bryon,m,brian
briana,f,briana
brianna,f,briana
brianne,f,briana
bridget,f,bridget
bridgett,f,bridget
bridgette,f,bridget
brigette,f,bridget
brigid,f,bridget
brigitte,f,bridget
britany,f,brit
britney,f,brit
britni,f,brit
britta,f,brit
brittaney,f,brit
brittani,f,brit
brittanie,f,brit
brittany,f,brit
britteny,f,brit
brittney,f,brit
brittni,f,brit
brittny,f,brit
brook,f,brook
brooke,f,brook
bruce,m,bruce
bud,m,bud
buddie,m,bud
buddy,m,bud
burt,m,burt
burton,m,burt
camelia,f,cam
camellia,f,cam
cami,f,cam
camie,f,cam
camila,f,cam
camilla,f,cam
cammie,f,cam
cammy,f,cam
candace,f,candice
candance,f,candice
candi,f,candice
candice,f,candice
candis,f,candice
candy,f,candice
khandi,f,candice
carla,f,carla
karla,f,carla
carmel,f,carmen
carmen,f,carmen
cari,f,carol
carie,f,carol
carol,f,carol
carola,f,carol
carolann,f,carol
carole,f,carol
carolee,f,carol
carolin,f,carol
carolina,f,carol
caroline,f,carol
caroll,f,carol
carolyn,f,carol
carolyne,f,carol
carolynn,f,carol
caroyln,f,carol
carri,f,carol
carrie,f,carol
carrol,f,carol
carroll,f,carol
carry,f,carol
caryl,f,carol
carylon,f,carol
kara,f,carol
kari,f,carol
karie,f,carol
karol,f,carol
karrie,f,carol
keri,f,carol
kerri,f,carol
cedric,m,cedric
cedrick,m,cedric
cedrik,m,cedric
chad,m,chad
char,f,char
charleen,f,char
charlene,f,char
charlette,f,char
charley,f,char
charlie,f,char
charline,f,char
charlotte,f,char
charly,f,char
charmaine,f,char
charolette,f,char
cheri,f,char
lottie,f,char
lotty,f,char
sharlene,f,char
tottie,f,char
totty,f,char
carlos,m,charles
charles,m,charles
charlie,m,charles
chas,m,charles
chick,m,charles
chuck,m,charles
chris,m,chris
christian,m,chris
christoffer,m,chris
christoper,m,chris
christopher,m,chris
christy,m,chris
cris,m,chris
cristobal,m,chris
cristopher,m,chris
kris,m,chris
kristian,m,chris
kristofer,m,chris
kristopher,m,chris
cindy,f,cindy
cyndi,f,cindy
cynthia,f,cindy
lucinda,f,cindy
sindy,f,cindy
claire,f,clara
clara,f,clara
clare,f,clara
claretha,f,clara
claretta,f,clara
claribel,f,clara
clarinda,f,clara
clarine,f,clara
claris,f,clara
clarita,f,clara
claud,m,claud
claude,m,claud
claudio,m,claud
clay,m,clay
clayton,m,clay
cliff,m,cliff
cliffie,m,cliff
clifford,m,cliff
cliffy,m,cliff
clifton,m,cliff
clint,m,clint
clinton,m,clint
colby,m,cole
cole,m,cole
coleman,m,cole
colin,m,collin
collin,m,collin
con,f,connie
connie,f,connie
constance,f,connie
corey,m,corey
cortney,f,courtney
courtney,f,courtney
craig,m,craig
kraig,m,craig
curt,m,curtis
curtis,m,curtis
kurt,m,curtis
kurtis,m,curtis
dale,m,dale
daimon,m,damian
damian,m,damian
damien,m,damian
damion,m,damian
dan,f,dan
dana,f,dan
danette,f,dan
dani,f,dan
daniel,f,dan
daniela,f,dan
daniella,f,dan
danielle,f,dan
danita,f,dan
danna,f,dan
dannie,f,dan
danny,f,dan
dayna,f,dan
dan,m,daniel
danial,m,daniel
daniel,m,daniel
dannie,m,daniel
danny,m,daniel
dannye,m,daniel
dante,m,daniel
donte,m,daniel
daren,m,darin
darin,m,darin
darren,m,darin
darrin,m,darin
darelene,f,darlene
darleen,f,darlene
darlene,f,darlene
darline,f,darlene
darel,m,darrell
darrel,m,darrell
darrell,m,darrell
darryl,m,darrell
daryl,m,darrell
daryle,m,darrell
derrell,m,darrell
dave,m,david
davey,m,david
david,m,david
davie,m,david
davy,m,david
dawn,f,dawn
dean,m,dean
deana,f,deana
deanna,f,deana
deb,f,deb
debbi,f,deb
debbie,f,deb
debby,f,deb
debi,f,deb
debora,f,deb
deborah,f,deb
debra,f,deb
debrah,f,deb
debs,f,deb
deidra,f,deidre
deidre,f,deidre
deirdre,f,deidre
delores,f,deloris
deloris,f,deloris
dolores,f,deloris
demetri,m,demetri
demetrio,m,demetri
demetrios,m,demetri
demetrious,m,demetri
demetrius,m,demetri
deena,f,dena
dena,f,dena
deneice,f,denise
deniece,f,denise
denise,f,denise
dennis,m,dennis
denny,m,dennis
darrick,m,derek
derek,m,derek
derick,m,derek
derrek,m,derek
derrick,m,derek
devin,m,devin
devon,m,devin
diahann,f,diane
dian,f,diane
diana,f,diane
diane,f,diane
diann,f,diane
dianna,f,diane
dianne,f,diane
dionne,f,diane
dyan,f,diane
don,m,don
donald,m,don
donn,m,don
donnell,m,don
donnie,m,don
donny,m,don
donovan,m,don
donna,f,donna
dora,f,dorothy
doreen,f,dorothy
doris,f,dorothy
dorothea,f,dorothy
dorothy,f,dorothy
dorthy,f,dorothy
dot,f,dorothy
dottie,f,dorothy
doug,m,douglas
dougal,m,douglas
dougie,m,douglas
douglas,m,douglas
douglass,m,douglas
dug,m,douglas
duggie,m,douglas
dejuan,m,duane
dewain,m,duane
dewayne,m,duane
duane,m,duane
duwain,m,duane
duwayne,m,duane
dwain,m,duane
dwan,m,duane
dwayne,m,duane
duster,m,dustin
dustin,m,dustin
dusty,m,dustin
earl,m,earl
earle,m,earl
erle,m,earl
ed,m,ed
eddie,m,ed
eddy,m,ed
edgar,m,ed
edgardo,m,ed
edmond,m,ed
edmund,m,ed
edmundo,m,ed
eduardo,m,ed
edw,m,ed
edward,m,ed
edwardo,m,ed
edwin,m,ed
edwyn,m,ed
ned,m,ed
aileen,f,eileen
ailene,f,eileen
eileen,f,eileen
eilene,f,eileen
elain,f,elaine
elaine,f,elaine
elayne,f,elaine
helen,f,elaine
lainey,f,elaine
lainie,f,elaine
eli,m,eli
elias,m,eli
elijah,m,eli
bessie,f,elizabeth
bet,f,elizabeth
beth,f,elizabeth
bethany,f,elizabeth
betsy,f,elizabeth
bette,f,elizabeth
bettie,f,elizabeth
bettina,f,elizabeth
betty,f,elizabeth
bettyann,f,elizabeth
bettye,f,elizabeth
elisabeth,f,elizabeth
elise,f,elizabeth
eliza,f,elizabeth
elizabeth,f,elizabeth
elizbeth,f,elizabeth
elsa,f,elizabeth
elsie,f,elizabeth
elspeth,f,elizabeth
ilse,f,elizabeth
isabel,f,elizabeth
lisa,f,elizabeth
lisbeth,f,elizabeth
lise,f,elizabeth
lisette,f,elizabeth
liz,f,elizabeth
liza,f,elizabeth
lizzie,f,elizabeth
lysette,f,elizabeth
ella,f,ellen
ellen,f,ellen
ellie,f,ellen
helena,f,ellen
helene,f,ellen
hellen,f,ellen
nell,f,ellen
nellie,f,ellen
nelly,f,ellen
elliot,m,ellis
elliott,m,ellis
ellis,m,ellis
ellison,m,ellis
elden,m,elton
eldon,m,elton
elton,m,elton
emanuel,m,emanuel
emmanuel,m,emanuel
immanuel,m,emanuel
man,m,emanuel
manny,m,emanuel
manuel,m,emanuel
emil,m,emil
emile,m,emil
emiliano,m,emil
emilio,m,emil
amelia,f,emily
emily,f,emily
emma,f,emily
emmett,m,emmett
emmitt,m,emmett
erica,f,erica
ericka,f,erica
erika,f,erica
erin,f,erin
eryn,f,erin
ernest,m,ernest
ernesto,m,ernest
ernie,m,ernest
eugene,m,eugene
eugenio,m,eugene
gene,m,eugene
geno,m,eugene
gino,m,eugene
ev,f,evelyn
evalyn,f,evelyn
eve,f,evelyn
evelina,f,evelyn
eveline,f,evelyn
evelyn,f,evelyn
evie,f,evelyn
fay,f,faye
faye,f,faye
fanny,f,frances
fran,f,frances
frances,f,frances
francesca,f,frances
francine,f,frances
francis,f,frances
francisca,f,frances
francoise,f,frances
frankie,f,frances
frannie,f,frances
franny,f,frances
francesco,m,frank
francis,m,frank
francisco,m,frank
franco,m,frank
frank,m,frank
frankie,m,frank
franklin,m,frank
franklyn,m,frank
franky,m,frank
alfred,m,frederick
alfredo,m,frederick
fred,m,frederick
freddie,m,frederick
freddy,m,frederick
frederic,m,frederick
frederick,m,frederick
fredric,m,frederick
fredrick,m,frederick
fredy,m,frederick
abbey,f,gail
abbie,f,gail
abby,f,gail
abigail,f,gail
gail,f,gail
gale,f,gail
gayle,f,gail
gareth,m,gareth
garrett,m,gareth
garth,m,gareth
gary,m,gareth
geraint,m,gareth
gerard,m,gareth
george,m,george
georgie,m,george
jorge,m,george
gilchrist,m,gillean
gillan,m,gillean
gillean,m,gillean
gillen,m,gillean
gillespie,m,gillean
gillian,m,gillean
gilmore,m,gillean
glen,f,glenda
glenda,f,glenda
glen,m,glenn
glenn,m,glenn
gloria,f,gloria
glory,f,gloria
greg,m,gregory
gregg,m,gregory
gregorio,m,gregory
gregory,m,gregory
greig,m,gregory
gwen,f,gwen
gwendolyn,f,gwen
hailey,f,haley
haley,f,haley
hayley,f,haley
harriet,f,harriet
harriett,f,harriet
harriette,f,harriet
heather,f,heather
araldo,m,henry
aralt,m,henry
aroldo,m,henry
arrigo,m,henry
arry,m,henry
enrico,m,henry
enrikos,m,henry
enrique,m,henry
enzio,m,henry
hal,m,henry
hank,m,henry
harald,m,henry
haralds,m,henry
harold,m,henry
haroldas,m,henry
harry,m,henry
heike,m,henry
heindrick,m,henry
heindrik,m,henry
heiner,m,henry
heinrich,m,henry
heinrick,m,henry
heinrik,m,henry
heinz,m,henry
hendrick,m,henry
hendrik,m,henry
henerik,m,henry
henning,m,henry
henri,m,henry
henrik,m,henry
henrique,m,henry
henry,m,henry
henryk,m,henry
herold,m,henry
herrick,m,henry
herrold,m,henry
herryck,m,henry
hinrich,m,henry
herb,m,herb
herbert,m,herb
armand,m,herman
armando,m,herman
armin,m,herman
ermanno,m,herman
ermano,m,herman
ermin,m,herman
harman,m,herman
harmon,m,herman
herman,m,herman
hermann,m,herman
hermie,m,herman
hermon,m,herman
holli,f,holly
hollie,f,holly
holly,f,holly
howard,m,howard
howe,m,howard
howerd,m,howard
howie,m,howard
hew,m,hugh
hewe,m,hugh
huey,m,hugh
hugh,m,hugh
hughes,m,hugh
hughie,m,hugh
hugo,m,hugh
hugues,m,hugh
huw,m,hugh
ugo,m,hugh
humfrey,m,humphrey
humfrid,m,humphrey
humfried,m,humphrey
humfry,m,humphrey
humph,m,humphrey
humphery,m,humphrey
humphrey,m,humphrey
humphry,m,humphrey
hundredo,m,humphrey
onfre,m,humphrey
onfroi,m,humphrey
onofredo,m,humphrey
onofrio,m,humphrey
iggie,m,ignatius
ignac,m,ignatius
ignace,m,ignatius
ignacio,m,ignatius
ignacius,m,ignatius
ignatious,m,ignatius
ignatius,m,ignatius
ignatz,m,ignatius
ignaz,m,ignatius
ignazio,m,ignatius
inigo,m,ignatius
earvin,m,irving
erv,m,irving
ervin,m,irving
irv,m,irving
irvin,m,irving
irvine,m,irving
irving,m,irving
erwin,m,irwin
erwinn,m,irwin
erwyn,m,irwin
irwin,m,irwin
irwinn,m,irwin
irwyn,m,irwin
ike,m,isaac
ikey,m,isaac
ikie,m,isaac
isaac,m,isaac
isaak,m,isaac
isac,m,isaac
isacco,m,isaac
isak,m,isaac
itzak,m,isaac
izaak,m,isaac
izak,m,isaac
izik,m,isaac
izsak,m,isaac
yitzhak,m,isaac
zac,m,isaac
zacchaeus,m,isaac
zach,m,isaac
zachariah,m,isaac
zacharias,m,isaac
zachary,m,isaac
zachery,m,isaac
zack,m,isaac
zackary,m,isaac
zak,m,isaac
zakary,m,isaac
isa,m,isaiah
isaia,m,isaiah
isaiah,m,isaiah
isia,m,isaiah
isiah,m,isaiah
issiah,m,isaiah
dore,m,isidore
dorian,m,isidore
dory,m,isidore
isador,m,isidore
isadore,m,isidore
isidor,m,isidore
isidore,m,isidore
isidoro,m,isidore
isidro,m,isidore
issy,m,isidore
izidor,m,isidore
izydor,m,isidore
izzy,m,isidore
ysidro,m,isidore
israel,m,israel
isreal,m,israel
cob,m,jacob
cobb,m,jacob
cobby,m,jacob
giacamo,m,jacob
giacobo,m,jacob
giacomo,m,jacob
giacopo,m,jacob
iacopo,m,jacob
iacovo,m,jacob
iakob,m,jacob
iakobos,m,jacob
iakov,m,jacob
jackie,m,jacob
jacko,m,jacob
jacky,m,jacob
jaco,m,jacob
jacob,m,jacob
jacobe,m,jacob
jacobo,m,jacob
jacot,m,jacob
jacques,m,jacob
jacquet,m,jacob
jago,m,jacob
jake,m,jacob
jakie,m,jacob
jakob,m,jacob
jakome,m,jacob
jakov,m,jacob
jakub,m,jacob
jem,m,jacob
jock,m,jacob
yakov,m,jacob
diego,m,james
giamo,m,james
hamish,m,james
iago,m,james
jaime,m,james
jaimes,m,james
jaimey,m,james
jaimie,m,james
james,m,james
jamesie,m,james
jameson,m,james
jamesy,m,james
jamey,m,james
jamie,m,james
jamison,m,james
jaymes,m,james
jaymie,m,james
jim,m,james
jimmie,m,james
jimmy,m,james
seamus,m,james
shamus,m,james
jaime,f,jamie
jami,f,jamie
jamie,f,jamie
jayme,f,jamie
jan,f,jan
jana,f,jan
jane,f,jan
janelle,f,jan
janet,f,jan
janette,f,jan
janice,f,jan
janie,f,jan
janine,f,jan
janis,f,jan
janise,f,jan
janna,f,jan
jayne,f,jan
jeanette,f,jan
netta,f,jan
jackie,f,jaqueline
jaclyn,f,jaqueline
jacque,f,jaqueline
jacquelin,f,jaqueline
jacqueline,f,jaqueline
jacquelyn,f,jaqueline
jacquline,f,jaqueline
jaqueline,f,jaqueline
jaqui,f,jaqueline
jaquie,f,jaqueline
jarad,m,jared
jared,m,jared
jarod,m,jared
jarred,m,jared
jarret,m,jared
jarrett,m,jared
jarrod,m,jared
jered,m,jared
jerod,m,jared
jerritt,m,jared
jerrod,m,jared
jaisen,m,jason
jaison,m,jason
jase,m,jason
jasen,m,jason
jasin,m,jason
jason,m,jason
jasun,m,jason
jay,m,jason
jayson,m,jason
jean,f,jean
jeana,f,jean
jeanie,f,jean
jeanine,f,jean
jeanna,f,jean
jeanne,f,jean
jeannette,f,jean
jeannie,f,jean
jeannine,f,jean
geoff,m,jeffrey
geoffery,m,jeffrey
geoffey,m,jeffrey
geoffrey,m,jeffrey
geoffreys,m,jeffrey
geoffroy,m,jeffrey
geoffry,m,jeffrey
geofrey,m,jeffrey
geofry,m,jeffrey
godfrey,m,jeffrey
godfry,m,jeffrey
gottfried,m,jeffrey
jefery,m,jeffrey
jeff,m,jeffrey
jefferey,m,jeffrey
jefferies,m,jeffrey
jeffery,m,jeffrey
jeffree,m,jeffrey
jeffrey,m,jeffrey
jeffrie,m,jeffrey
jeffries,m,jeffrey
jeffry,m,jeffrey
jeffy,m,jeffrey
jefry,m,jeffrey
jeoff,m,jeffrey
jeoffrey,m,jeffrey
jeoffroi,m,jeffrey
genevieve,f,jennifer
guinevere,f,jennifer
jen,f,jennifer
jena,f,jennifer
jene,f,jennifer
jenifer,f,jennifer
jenn,f,jennifer
jenna,f,jennifer
jenni,f,jennifer
jennie,f,jennifer
jennifer,f,jennifer
jenny,f,jennifer
jennyfer,f,jennifer
jennyver,f,jennifer
jeri,f,jerri
jerri,f,jerri
jerrie,f,jerri
garald,m,jerry
garold,m,jerry
gerald,m,jerry
gerome,m,jerry
geronimo,m,jerry
gerrie,m,jerry
gerry,m,jerry
hierome,m,jerry
hieronim,m,jerry
hieronimo,m,jerry
hieronimos,m,jerry
hieronymos,m,jerry
hieronymus,m,jerry
jerald,m,jerry
jeramie,m,jerry
jeramy,m,jerry
jere,m,jerry
jeremiah,m,jerry
jeremy,m,jerry
jermey,m,jerry
jeroen,m,jerry
jerold,m,jerry
jerome,m,jerry
jeromo,m,jerry
jeromy,m,jerry
jeronimo,m,jerry
jerrold,m,jerry
jerrome,m,jerry
jerry,m,jerry
jess,m,jesse
jesse,m,jesse
jess,f,jessica
jessi,f,jessica
jessica,f,jessica
jessie,f,jessica
jessye,f,jessica
jewel,f,jewel
jewell,f,jewel
gill,f,jill
jill,f,jill
jillian,f,jill
jillie,f,jill
jilly,f,jill
jo,f,jo
joan,f,jo
joane,f,jo
joanie,f,jo
joann,f,jo
joanna,f,jo
joanne,f,jo
jodi,f,jo
jodie,f,jo
jody,f,jo
joni,f,jo
jonie,f,jo
jony,f,jo
josephine,f,jo
josie,f,jo
joal,m,joel
joel,m,joel
anno,m,john
ean,m,john
evan,m,john
ewan,m,john
ewen,m,john
gian,m,john
giannes,m,john
gianni,m,john
giannis,m,john
giannos,m,john
giovanni,m,john
hannes,m,john
hans,m,john
ian,m,john
ioannes,m,john
ioannis,m,john
ivan,m,john
jack,m,john
jan,m,john
jancsi,m,john
janek,m,john
janko,m,john
janne,m,john
janos,m,john
jean,m,john
jeannot,m,john
jehan,m,john
jens,m,john
joao,m,john
jocko,m,john
johan,m,john
john,m,john
johnathan,m,john
johnathon,m,john
johnie,m,john
johnnie,m,john
johnny,m,john
johnson,m,john
jon,m,john
jona,m,john
jonah,m,john
jonas,m,john
jonathan,m,john
jonathon,m,john
jones,m,john
jonnie,m,john
jonny,m,john
juan,m,john
juanito,m,john
vanek,m,john
vanko,m,john
vanya,m,john
yanni,m,john
yanno,m,john
zane,m,john
che,m,joseph
giuseppe,m,joseph
giuseppino,m,joseph
iosep,m,joseph
jo,m,joseph
jodi,m,joseph
jodie,m,joseph
jody,m,joseph
joe,m,joseph
joeseph,m,joseph
joesph,m,joseph
joey,m,joseph
joop,m,joseph
joos,m,joseph
jose,m,joseph
josef,m,joseph
joseito,m,joseph
josep,m,joseph
joseph,m,joseph
josephe,m,joseph
josephus,m,joseph
josiah,m,joseph
josif,m,joseph
josip,m,joseph
jospeh,m,joseph
joszef,m,joseph
jozef,m,joseph
osip,m,joseph
pepe,m,joseph
pepito,m,joseph
peppi,m,joseph
pino,m,joseph
pipo,m,joseph
sepp,m,joseph
seppi,m,joseph
yousef,m,joseph
yusif,m,joseph
yusuf,m,joseph
yusup,m,joseph
yuszef,m,joseph
josh,m,joshua
joshua,m,joshua
jocelyn,f,joyce
joy,f,joyce
joyce,f,joyce
juana,f,juanita
juanita,f,juanita
nita,f,juanita
judi,f,judy
judith,f,judy
judy,f,judy
jules,f,julie
juli,f,julie
julia,f,julie
juliana,f,julie
julianne,f,julie
julie,f,julie
juliet,f,julie
juliette,f,julie
june,f,june
giustino,m,justin
justen,m,justin
justie,m,justin
justin,m,justin
justinas,m,justin
justinian,m,justin
justinius,m,justin
justino,m,justin
justinus,m,justin
justis,m,justin
justo,m,justin
justus,m,justin
justy,m,justin
justyn,m,justin
kahlil,m,kalil
kaleel,m,kalil
kalil,m,kalil
khaleel,m,kalil
khalil,m,kalil
cahan,m,kane
cain,m,kane
kahan,m,kane
kain,m,kane
kaine,m,kane
kane,m,kane
kayne,m,kane
keane,m,kane
kareem,m,kareem
karim,m,kareem
caren,f,karen
carin,f,karen
carina,f,karen
caron,f,karen
caryn,f,karen
karen,f,karen
karin,f,karen
karon,f,karen
karyn,f,karen
carl,m,karl
carlo,m,karl
carlton,m,karl
carlyle,m,karl
carroll,m,karl
kale,m,karl
karel,m,karl
karl,m,karl
karlan,m,karl
karlens,m,karl
karli,m,karl
karol,m,karl
karoly,m,karl
caitlin,f,kathy
catarina,f,kathy
caterina,f,kathy
cath,f,kathy
catharine,f,kathy
catherin,f,kathy
catherina,f,kathy
catherine,f,kathy
cathern,f,kathy
catheryn,f,kathy
cathey,f,kathy
cathi,f,kathy
cathie,f,kathy
cathleen,f,kathy
cathrine,f,kathy
cathryn,f,kathy
cathy,f,kathy
catrina,f,kathy
catriona,f,kathy
katarina,f,kathy
kate,f,kathy
kath,f,kathy
katharine,f,kathy
katherine,f,kathy
katheryn,f,kathy
kathi,f,kathy
kathie,f,kathy
kathleen,f,kathy
kathrine,f,kathy
kathryn,f,kathy
kathy,f,kathy
katie,f,kathy
katrina,f,kathy
katrine,f,kathy
katy,f,kathy
kay,f,kathy
kaye,f,kathy
kayla,f,kathy
kitty,f,kathy
keith,m,keith
kelley,f,kelly
kelli,f,kelly
kellie,f,kelly
kelly,f,kelly
ken,m,kenneth
kenneth,m,kenneth
kennie,m,kenneth
kennith,m,kenneth
kenny,m,kenneth
cary,m,kerry
kearie,m,kerry
keary,m,kerry
kerrey,m,kerry
kerrie,m,kerry
kerry,m,kerry
kev,m,kevin
kevan,m,kevin
keven,m,kevin
kevin,m,kevin
kevon,m,kevin
kevyn,m,kevin
kim,f,kim
kimberely,f,kim
kimberlee,f,kim
kimberley,f,kim
kimberly,f,kim
kimmie,f,kim
kimmy,f,kim
chris,f,kris
chrissy,f,kris
christa,f,kris
christal,f,kris
christeen,f,kris
christel,f,kris
christen,f,kris
christena,f,kris
christene,f,kris
christi,f,kris
christia,f,kris
christiana,f,kris
christiane,f,kris
christie,f,kris
christin,f,kris
christina,f,kris
christine,f,kris
christinia,f,kris
christy,f,kris
chrystal,f,kris
cris,f,kris
crissy,f,kris
cristal,f,kris
cristie,f,kris
cristina,f,kris
cristine,f,kris
cristy,f,kris
crystal,f,kris
kirsten,f,kris
kirsty,f,kris
kris,f,kris
krissy,f,kris
krista,f,kris
kristal,f,kris
kristan,f,kris
kristen,f,kris
kristi,f,kris
kristian,f,kris
kristie,f,kris
kristin,f,kris
kristina,f,kris
kristine,f,kris
kristy,f,kris
krystal,f,kris
krystle,f,kris
teena,f,kris
tena,f,kris
tina,f,kris
kyle,m,kyle
lance,m,lance
lane,m,lane
lara,f,laura
laura,f,laura
lauren,f,laura
lauretta,f,laura
laurey,f,laura
laurie,f,laura
lora,f,laura
loraine,f,laura
lorena,f,laura
lorene,f,laura
loretta,f,laura
lori,f,laura
lorie,f,laura
lorraine,f,laura
lorri,f,laura
lorrie,f,laura
lare,m,lawrence
larry,m,lawrence
laurence,m,lawrence
laurie,m,lawrence
lawerence,m,lawrence
lawrence,m,lawrence
lawrie,m,lawrence
eleazer,m,lazarus
laz,m,lazarus
lazar,m,lazarus
lazare,m,lazarus
lazaro,m,lazarus
lazarus,m,lazarus
lazzaro,m,lazarus
lea,f,leah
leah,f,leah
leann,f,leah
leanne,f,leah
leeann,f,leah
leigh,f,leah
lena,f,leah
leanna,f,leanne
len,m,leonard
lenard,m,leonard
lennard,m,leonard
lennerd,m,leonard
lennie,m,leonard
lenny,m,leonard
leo,m,leonard
leon,m,leonard
leonard,m,leonard
leonardo,m,leonard
leonerd,m,leonard
leonhard,m,leonard
leonid,m,leonard
leonidas,m,leonard
leonides,m,leonard
lonnard,m,leonard
lonny,m,leonard
elroi,m,leroy
elroy,m,leroy
lee,m,leroy
leeroy,m,leroy
leroi,m,leroy
leroy,m,leroy
roy,m,leroy
les,m,les
lester,m,les
lesley,f,leslie
leslie,f,leslie
lila,f,lillian
lilia,f,lillian
lilian,f,lillian
liliana,f,lillian
lillian,f,lillian
lillie,f,lillian
lilly,f,lillian
lily,f,lillian
lin,f,linda
linda,f,linda
lindy,f,linda
lynda,f,linda
lynette,f,linda
lynn,f,linda
malinda,f,linda
melinda,f,linda
lindsay,f,lindsey
lindsey,f,lindsey
lyndsey,f,lindsey
lo,f,lois
lois,f,lois
loren,m,loren
lorenzo,m,loren
aloysius,m,louis
clovis,m,louis
lew,m,louis
lewes,m,louis
lewis,m,louis
lodovico,m,louis
lou,m,louis
louie,m,louis
louis,m,louis
lucho,m,louis
ludovic,m,louis
ludovicus,m,louis
ludvig,m,louis
ludvik,m,louis
ludwig,m,louis
luigi,m,louis
luis,m,louis
lou,f,louise
louie,f,louise
louisa,f,louise
louise,f,louise
lulu,f,louise
luci,f,lucy
lucille,f,lucy
lucy,f,lucy
loukas,m,luke
luc,m,luke
lucas,m,luke
lucian,m,luke
lucien,m,luke
lucio,m,luke
lucius,m,luke
lucky,m,luke
lukacs,m,luke
lukas,m,luke
luke,m,luke
llewelyn,m,lynn
lyn,m,lynn
lyndon,m,lynn
lynn,m,lynn
lynne,m,lynn
marcel,m,marcel
marcelino,m,marcel
marcellus,m,marcel
marcelo,m,marcel
marcella,f,marcy
marcie,f,marcy
marcy,f,marcy
madge,f,margaret
maggie,f,margaret
margaret,f,margaret
margarete,f,margaret
margarita,f,margaret
marge,f,margaret
margherita,f,margaret
margie,f,margaret
margot,f,margaret
margret,f,margaret
marguerite,f,margaret
marjory,f,margaret
meg,f,margaret
megan,f,margaret
peg,f,margaret
peggy,f,margaret
reta,f,margaret
rita,f,margaret
rita margo,f,margaret
marc,m,mark
marco,m,mark
marcos,m,mark
marcus,m,mark
mario,m,mark
marius,m,mark
mark,m,mark
markie,m,mark
marko,m,mark
markos,m,mark
markus,m,mark
marcia,f,marsha
marsha,f,marsha
martha,f,martha
marti,f,martha
martie,f,martha
marty,f,martha
mattie,f,martha
martie,m,martin
martin,m,martin
marty,m,martin
marv,m,marvin
marvin,m,marvin
mamie,f,mary
mari,f,mary
maria,f,mary
marian,f,mary
marianne,f,mary
marie,f,mary
marietta,f,mary
marilyn,f,mary
marion,f,mary
marjorie,f,mary
marlyn,f,mary
mary,f,mary
maryann,f,mary
maryanne,f,mary
marybeth,f,mary
maryellen,f,mary
maryjane,f,mary
maryjo,f,mary
marylou,f,mary
may,f,mary
meredith,f,mary
merry,f,mary
molly,f,mary
polly,f,mary
mathew,m,matthew
matt,m,matthew
matthew,m,matthew
matthias,m,matthew
mattie,m,matthew
max,m,max
maxel,m,max
maximo,m,max
maxwell,m,max
mel,f,melanie
melanie,f,melanie
melisa,f,melissa
melissa,f,melissa
mellisa,f,melissa
mellissa,f,melissa
missie,f,melissa
missy,f,melissa
melodie,f,melody
melody,f,melody
michael,m,michael
michal,m,michael
michale,m,michael
micheal,m,michael
michel,m,michael
mick,m,michael
mickey,m,michael
mickie,m,michael
micky,m,michael
miguel,m,michael
mike,m,michael
mikel,m,michael
mikey,m,michael
michaela,f,michelle
michele,f,michelle
michèle,f,michelle
michell,f,michelle
michelle,f,michelle
mickie,f,michelle
shelley,f,michelle
shelli,f,michelle
shellie,f,michelle
shelly,f,michelle
mildred,f,mildred
millie,f,mildred
milly,f,mildred
misty,f,misty
mitch,m,mitchell
mitchel,m,mitchell
mitchell,m,mitchell
mohamed,m,mohamed
mohammad,m,mohamed
mohammed,m,mohamed
mon,f,monica
monica,f,monica
monni,f,monica
monnie,f,monica
monny,f,monica
nan,f,nancy
nance,f,nancy
nanci,f,nancy
nancy,f,nancy
nat,f,natalie
natalia,f,natalie
natalie,f,natalie
natalya,f,natalie
nat,m,nathaniel
nate,m,nathaniel
nathan,m,nathaniel
nathanael,m,nathaniel
nathanial,m,nathaniel
nathaniel,m,nathaniel
natty,m,nathaniel
nethaniel,m,nathaniel
neal,m,neil
neil,m,neil
nels,m,neil
nil,m,neil
nils,m,neil
nilson,m,neil
nicholas,m,nicholas
nick,m,nicholas
nickolas,m,nicholas
nicky,m,nicholas
nicolas,m,nicholas
nik,m,nicholas
nichole,f,nicole
nicki,f,nicole
nickie,f,nicole
nicky,f,nicole
nicola,f,nicole
nicole,f,nicole
niki,f,nicole
nikki,f,nicole
norbert,m,norbert
norberto,m,norbert
norma,f,norma
norm,m,norman
norman,m,norman
null,m,null
olen,m,olin
olin,m,olin
oliva,f,olivia
olive,f,olivia
olivia,f,olivia
osvaldo,m,oswald
oswaldo,m,oswald
oz,m,oswald
ozvald,m,oswald
ozvaldo,m,oswald
ozzie,m,oswald
ozzy,m,oswald
pam,f,pam
pamela,f,pam
pammi,f,pam
pammie,f,pam
pammy,f,pam
pat,f,patricia
patrica,f,patricia
patrice,f,patricia
patricia,f,patricia
patricius,f,patricia
patrick,f,patricia
patsy,f,patricia
patti,f,patricia
pattie,f,patricia
patty,f,patricia
tricia,f,patricia
trish,f,patricia
trisha,f,patricia
paddy,m,patrick
pat,m,patrick
patric,m,patrick
patrick,m,patrick
patsy,m,patrick
paul,m,paul
pauli,m,paul
paul,f,paula
paula,f,paula
paulette,f,paula
pauline,f,paula
pen,f,penny
penelope,f,penny
penni,f,penny
pennie,f,penny
penny,f,penny
pete,m,peter
peter,m,peter
petey,m,peter
piers,m,peter
felipe,m,philip
phil,m,philip
philip,m,philip
phillip,m,philip
philly,m,philip
pip,m,philip
phillis,f,phillys
phillys,f,phillys
phyliss,f,phillys
phyllis,f,phillys
quent,m,quentin
quenten,m,quentin
quentin,m,quentin
quenton,m,quentin
quint,m,quentin
quintin,m,quentin
quincy,m,quinn
quinn,m,quinn
quinton,m,quinn
rachael,f,rachel
racheal,f,rachel
rachel,f,rachel
rachelle,f,rachel
rachie,f,rachel
rae,f,rachel
raquel,f,rachel
ray,f,rachel
ralph,m,ralph
randal,m,randall
randall,m,randall
randel,m,randall
randolph,m,randall
randy,m,randall
ramon,m,ray
ray,m,ray
rayford,m,ray
raymon,m,ray
raymond,m,ray
raymundo,m,ray
becca,f,rebecca
becki,f,rebecca
beckie,f,rebecca
becky,f,rebecca
reba,f,rebecca
rebecca,f,rebecca
rebekah,f,rebecca
reg,m,reginald
reggie,m,reginald
reginald,m,reginald
reynold,m,reginald
reinaldo,m,renaldo
renaldo,m,renaldo
reynaldo,m,renaldo
maureen,f,renee
rene,f,renee
renee,f,renee
rennie,f,renee
renny,f,renee
rhonda,f,rhonda
ronda,f,rhonda
dick,m,richard
eric,m,richard
erich,m,richard
erick,m,richard
erik,m,richard
ricardo,m,richard
rich,m,richard
richard,m,richard
richie,m,richard
rick,m,richard
ricke,m,richard
rickey,m,richard
rickie,m,richard
ricky,m,richard
rik,m,richard
bob,m,robert
bobbie,m,robert
bobby,m,robert
rab,m,robert
rabbie,m,robert
rob,m,robert
robbie,m,robert
robby,m,robert
robert,m,robert
roberto,m,robert
robin,m,robert
bobbi,f,roberta
bobbie,f,roberta
robbie,f,roberta
roberta,f,roberta
robin,f,robin
robyn,f,robin
rod,m,rodney
rodney,m,rodney
rodger,m,roger
rog,m,roger
roger,m,roger
ron,m,ronald
ronald,m,ronald
ronnie,m,ronald
ronny,m,ronald
rosa,f,rose
rosalie,f,rose
rosalind,f,rose
rosalinda,f,rose
rosalyn,f,rose
rosario,f,rose
rose,f,rose
rosemarie,f,rose
rosemary,f,rose
rosetta,f,rose
rosey,f,rose
rosie,f,rose
roslyn,f,rose
rosy,f,rose
roxana,f,roxanne
roxann,f,roxanne
roxanna,f,roxanne
roxanne,f,roxanne
roxie,f,roxanne
riuby,f,ruby
rubie,f,ruby
ruby,f,ruby
russ,m,russell
russell,m,russell
roo,f,ruth
rue,f,ruth
ruth,f,ruth
ruthann,f,ruth
ruthie,f,ruth
ryan,m,ryan
sam,m,sam
sammie,m,sam
sammy,m,sam
sampson,m,sam
samson,m,sam
samual,m,sam
samuel,m,sam
sam,f,samantha
samantha,f,samantha
samatha,f,samantha
sammi,f,samantha
sammie,f,samantha
sammy,f,samantha
alessandra,f,sandra
casandra,f,sandra
casie,f,sandra
cassandra,f,sandra
cassaundra,f,sandra
cassey,f,sandra
cassi,f,sandra
cassidy,f,sandra
cassie,f,sandra
cassondra,f,sandra
cassy,f,sandra
sandi,f,sandra
sandra,f,sandra
sandy,f,sandra
saundra,f,sandra
sondra,f,sandra
sadie,f,sarah
sallie,f,sarah
sally,f,sarah
sara,f,sarah
sarah,f,sarah
sassie,f,sarah
scott,m,scott
scottie,m,scott
scotty,m,scott
sean,m,sean
shane,m,sean
shaughn,m,sean
shaun,m,sean
shawn,m,sean
shayne,m,sean
shon,m,sean
sion,m,sean
shana,f,shannon
shanna,f,shannon
shannan,f,shannon
shannon,f,shannon
shanon,f,shannon
shawna,f,shannon
cher,f,sharon
cherie,f,sharon
cherill,f,sharon
cherilyn,f,sharon
cherri,f,sharon
cherry,f,sharon
cherrylyn,f,sharon
cheryl,f,sharon
cheryll,f,sharon
shari,f,sharon
sharon,f,sharon
sharona,f,sharon
sharron,f,sharon
sharyn,f,sharon
sheree,f,sharon
sheri,f,sharon
sherie,f,sharon
sherill,f,sharon
sherilyn,f,sharon
sheron,f,sharon
sherri,f,sharon
sherrie,f,sharon
sherrill,f,sharon
sherry,f,sharon
sheryl,f,sharon
cecilia,f,sheila
sheila,f,sheila
shelagh,f,sheila
shelia,f,sheila
sheldon,m,shelton
shelton,m,shelton
sherley,f,shirley
sherly,f,shirley
shirl,f,shirley
shirlee,f,shirley
shirley,f,shirley
shirly,f,shirley
sonia,f,sonya
sonja,f,sonya
sonya,f,sonya
stacey,f,stacy
staci,f,stacy
stacie,f,stacy
stacy,f,stacy
stan,m,stanley
stanley,m,stanley
stef,f,stephanie
stefanie,f,stephanie
steffie,f,stephanie
stephaine,f,stephanie
stephanie,f,stephanie
stephen,f,stephanie
stephine,f,stephanie
stevie,f,stephanie
esteban,m,stephen
stephan,m,stephen
stephen,m,stephen
steve,m,stephen
steven,m,stephen
stevie,m,stephen
stew,m,stewart
stewart,m,stewart
stewey,m,stewart
stewy,m,stewart
stu,m,stewart
stuart,m,stewart
sue,f,susan
susan,f,susan
susana,f,susan
susanna,f,susan
susanne,f,susan
susie,f,susan
suzan,f,susan
suzanne,f,susan
suzette,f,susan
suzi,f,susan
suzie,f,susan
suzy,f,susan
sydney,f,sydney
silvia,f,sylvia
syl,f,sylvia
sylvette,f,sylvia
sylvia,f,sylvia
sylvie,f,sylvia
tamara,f,tammy
tami,f,tammy
tamika,f,tammy
tammi,f,tammy
tammie,f,tammy
tammy,f,tammy
tamsin,f,tammy
tara,f,tara
tarah,f,tara
tarra,f,tara
tarrah,f,tara
tad,m,ted
ted,m,ted
teddie,m,ted
teddy,m,ted
thaddeus,m,ted
theo,m,ted
theodore,m,ted
teresa,f,teresa
terese,f,teresa
teresita,f,teresa
teressa,f,teresa
teri,f,teresa
terri,f,teresa
terrie,f,teresa
terry,f,teresa
tess,f,teresa
tessa,f,teresa
theresa,f,teresa
therese,f,teresa
ter,m,terry
terrance,m,terry
terrence,m,terry
terry,m,terry
thomas,m,thomas
tom,m,thomas
tommie,m,thomas
tommy,m,thomas
theophania,f,tiffany
tiff,f,tiffany
tiffany,f,tiffany
tiffie,f,tiffany
tiffy,f,tiffany
tim,m,timothy
timmy,m,timothy
timothy,m,timothy
tod,m,todd
todd,m,todd
anthony,m,tony
antonio,m,tony
antony,m,tony
tone,m,tony
toney,m,tony
tony,m,tony
latonya,f,tonya
tanya,f,tonya
tonia,f,tonya
tonja,f,tonya
tonya,f,tonya
trace,f,tracy
tracey,f,tracy
traci,f,tracy
tracie,f,tracy
tracy,f,tracy
trav,m,travis
travis,m,travis
troy,m,troy
ty,m,ty
tyler,m,ty
tyree,m,ty
tyrell,m,ty
tyron,m,ty
tyrone,m,ty
tyronne,m,ty
tyson,m,ty
val,f,valerie
valeria,f,valerie
valerie,f,valerie
valery,f,valerie
nessa,f,vanessa
nessie,f,vanessa
vanessa,f,vanessa
vanny,f,vanessa
venessa,f,vanessa
bernice,f,veronica
ronnie,f,veronica
veronica,f,veronica
véronique,f,veronica
vic,m,victor
vick,m,victor
vicky,m,victor
victor,m,victor
vic,f,victoria
vick,f,victoria
vickey,f,victoria
vicki,f,victoria
vickie,f,victoria
vicky,f,victoria
victoria,f,victoria
viki,f,victoria
vikki,f,victoria
vita,f,victoria
vicente,m,vincent
vince,m,vincent
vincent,m,vincent
vincenzo,m,vincent
gina,f,virginia
regina,f,virginia
virginia,f,virginia
wally,m,walter
walt,m,walter
walter,m,walter
wat,m,walter
watt,m,walter
wayne,m,wayne
gwendolen,f,wendy
wanda,f,wendy
wend,f,wendy
wendi,f,wendy
wendie,f,wendy
wendy,f,wendy
wes,m,wesley
wesley,m,wesley
wilber,m,wilbur
wilbert,m,wilbur
wilbur,m,wilbur
wilburn,m,wilbur
bill,m,will
billie,m,will
billy,m,will
wil,m,will
will,m,will
willaim,m,will
willam,m,will
willard,m,will
william,m,will
williams,m,will
willian,m,will
willie,m,will
willis,m,will
willy,m,will
wm,m,will
winifred,f,winifred
winnie,f,winifred
winnifred,f,winifred
yola,f,yolanda
yolanda,f,yolanda
yolande,f,yolanda
evonne,f,yvonne
vonnie,f,yvonne
yvonne,f,yvonne
